{
  "display": {
    "icon": {
      "id": "minecraft:diamond",
      "components": {
        "minecraft:enchantment_glint_override": true
      }
    },
    "title": "Diamond Gem",
    "description": "You have collected the Diamond Gem",
    "frame": "task",
    "show_toast": true,
    "announce_to_chat": true,
    "hidden": true
  },
  "parent": "gembag:root",
  "criteria": {
    "basic": {
      "trigger": "minecraft:consume_item",
      "conditions": {
        "item" :
          {
            "items": "minecraft:recovery_compass",
            "components": {
              "minecraft:item_model": "minecraft:diamond",
              "minecraft:item_name": "Diamond Gem",
              "minecraft:rarity": "common"
            }
          }
      }
    }
  },
  "requirements": [
    [
      "basic"
    ]
  ],
  "rewards": {
    "function": "gembag:diamond"
  }
}
