{
  "type": "minecraft:chest",
  "pools": [
    {
      "rolls": {
        "type": "minecraft:uniform",
        "min": 1,
        "max": 5
      },
      "entries": [
        {
          "type": "minecraft:loot_table",
          "value": "gembag:iron_nugget",
          "weight": 1
        },
        {
          "type": "minecraft:loot_table",
          "value": "gembag:gold_nugget",
          "weight": 1
        },
        {
          "type": "minecraft:loot_table",
          "value": "gembag:uncut",
          "weight": 1
        },
        {
          "type": "minecraft:loot_table",
          "value": "gembag:resin",
          "weight": 1
        },
        {
          "type": "minecraft:loot_table",
          "value": "gembag:diamond",
          "weight": 1
        },
        {
          "type": "minecraft:loot_table",
          "value": "gembag:emerald",
          "weight": 1
        },
        {
          "type": "minecraft:loot_table",
          "value": "gembag:life_shard",
          "weight": 1
        },
        {
          "type": "minecraft:loot_table",
          "value": "gembag:crystal_pure"
        },
        {
          "type": "minecraft:item",
          "name": "minecraft:golden_apple",
          "weight": 2
        },
        {
          "type": "minecraft:item",
          "name": "minecraft:gold_ingot",
          "weight": 5,
          "functions": [
            {
              "function": "minecraft:set_count",
              "count": {
                "type": "minecraft:uniform",
                "min": 1,
                "max": 4
              }
            }
          ]
        },
        {
          "type": "minecraft:item",
          "name": "minecraft:gold_nugget",
          "weight": 7,
          "functions": [
            {
              "function": "minecraft:set_count",
              "count": {
                "type": "minecraft:uniform",
                "min": 3,
                "max": 7
              }
            }
          ]
        },
        {
          "type": "minecraft:item",
          "name": "minecraft:copper_ingot",
          "weight": 5
        },
        {
          "type": "minecraft:item",
          "name": "minecraft:amethyst_shard",
          "weight": 3
        },
        {
          "type": "minecraft:item",
          "name": "minecraft:cookie",
          "weight": 6,
          "functions": [
            {
              "function": "minecraft:set_count",
              "count": {
                "type": "minecraft:uniform",
                "min": 1,
                "max": 10
              }
            }
          ]
        }
      ]
    }
  ]
}