{
  "name": "minecraft:halls",
  "elements": [
    {
      "weight": 3,
      "element": {
        "element_type": "minecraft:single_pool_element",
        "projection": "rigid",
        "location": "minecraft:crypts/hall1",
        "processors": "minecraft:empty",
        "override_liquid_settings": "ignore_waterlogging"
      }
    },
    {
      "weight": 3,
      "element": {
        "element_type": "minecraft:single_pool_element",
        "projection": "rigid",
        "location": "minecraft:crypts/cross1",
        "processors": "minecraft:empty",
        "override_liquid_settings": "ignore_waterlogging"
      }
    },
    {
      "weight": 3,
      "element": {
        "element_type": "minecraft:single_pool_element",
        "projection": "rigid",
        "location": "minecraft:crypts/hall_cross1",
        "processors": "minecraft:empty",
        "override_liquid_settings": "ignore_waterlogging"
      }
    }
  ],
  "fallback": "minecraft:empty"
}
