{
  "type": "minecraft:chest",
  "pools": [
    {
      "rolls": 1,
      "entries": [
        {
          "type": "minecraft:item",
          "name": "minecraft:recovery_compass",
          "functions": [
            {
              "function": "minecraft:set_components",
              "components": {
                "minecraft:item_name": {
                  "text": "Ominous Crypt Key",
                  "type": "text"
                },
                "minecraft:custom_name": {
                  "text": "Ominous Crypt Key",
                  "type": "text",
                  "italic": false
                },
                "minecraft:item_model": "minecraft:ominous_trial_key",
                "minecraft:custom_data": {
                  "crypts": {}
                }
              }
            }
          ]
        }
      ]
    }
  ]
}