{
  "type": "minecraft:chest",
  "pools": [
    {
      "rolls": 1,
      "entries": [
        {
          "type": "minecraft:loot_table",
          "value": "gembag:life_cluster",
          "weight": 3
        },
        {
          "type": "minecraft:loot_table",
          "value": "gembag:life_large_bud",
          "weight": 4
        },
        {
          "type": "minecraft:loot_table",
          "value": "gembag:life_medium_bud",
          "weight": 5
        },
        {
          "type": "minecraft:loot_table",
          "value": "gembag:life_small_bud",
          "weight": 6
        },
        {
          "type": "minecraft:loot_table",
          "value": "gembag:crystal_speed",
          "weight": 6
        },
        {
          "type": "minecraft:loot_table",
          "value": "gembag:diamond",
          "weight": 6
        },
        {
          "type": "minecraft:loot_table",
          "value": "gembag:emerald",
          "weight": 6
        },
        {
          "type": "minecraft:loot_table",
          "value": "hydra:water_bottle",
          "weight": 7
        },
        {
          "type": "minecraft:loot_table",
          "value": "hydra:filtered_water",
          "weight": 3
        },
        {
          "type": "minecraft:loot_table",
          "value": "gembag:artifacts/nourishing_bread",
          "weight": 3
        },
        {
          "type": "minecraft:loot_table",
          "value": "gembag:artifacts/dune_boots",
          "weight": 4
        },
        {
          "type": "minecraft:loot_table",
          "value": "gembag:artifacts/dune_helmet",
          "weight": 4
        },
        {
          "type": "minecraft:loot_table",
          "value": "gembag:artifacts/dune_leggings",
          "weight": 4
        },
        {
          "type": "minecraft:loot_table",
          "value": "gembag:artifacts/dune_chestplate",
          "weight": 4
        },
        {
          "type": "minecraft:item",
          "name": "minecraft:cooked_beef",
          "weight": 6,
          "functions": [
            {
              "function": "minecraft:set_count",
              "count": {
                "type": "minecraft:uniform",
                "min": 2,
                "max": 7
              }
            }
          ]
        },
        {
          "type": "minecraft:item",
          "name": "minecraft:diamond_block",
          "weight": 5
        },
        {
          "type": "minecraft:item",
          "name": "minecraft:cooked_chicken",
          "functions": [
            {
              "function": "minecraft:set_count",
              "count": {
                "type": "minecraft:uniform",
                "min": 2,
                "max": 7
              }
            }
          ]
        },
        {
          "type": "minecraft:item",
          "name": "minecraft:emerald",
          "weight": 6,
          "functions": [
            {
              "function": "minecraft:set_count",
              "count": {
                "type": "minecraft:uniform",
                "min": 5,
                "max": 8
              }
            }
          ]
        }
      ]
    }
  ]
}
