{
  "type": "minecraft:overworld",
  "generator": {
    "type": "minecraft:noise",
    "settings": "minecraft:overworld",
    "biome_source": {
      "type": "minecraft:multi_noise",
      "biomes": [
        {
          "biome": "minecraft:desert",
          "parameters": {
            "temperature": 0.5,
            "humidity": -1,
            "continentalness": 1.8,
            "erosion": 0.3,
            "weirdness": -1.2,
            "depth": 0,
            "offset": 0
          }
        },
        {
          "biome": "minecraft:badlands",
          "parameters": {
            "temperature": 0.5,
            "humidity": -1,
            "continentalness": 1.85,
            "erosion": -0.1,
            "weirdness": -1.2,
            "depth": 0,
            "offset": 0
          }
        },
        {
          "biome": "minecraft:eroded_badlands",
          "parameters": {
            "temperature": 0.55,
            "humidity": -1,
            "continentalness": 1.9,
            "erosion": -0.5,
            "weirdness": -1.2,
            "depth": 0,
            "offset": 0
          }
        }
      ]
    }
  }
}
