{
  "display": {
    "icon": {
      "id": "minecraft:prismarine_crystals",
      "components": {
        "minecraft:enchantment_glint_override": true
      }
    },
    "title": "Crystals of Speed",
    "description": "You have collected the Crystals of Speed",
    "frame": "task",
    "show_toast": true,
    "announce_to_chat": true,
    "hidden": true
  },
  "parent": "gembag:crystals",
  "criteria": {
    "basic": {
      "trigger": "minecraft:consume_item",
      "conditions": {
        "item" :
          {
            "items": "minecraft:recovery_compass",
            "components": {
              "minecraft:item_model": "minecraft:prismarine_crystals",
              "minecraft:item_name": "Crystals of Speed"
            }
          }
      }
    }
  },
  "requirements": [
    [
      "basic"
    ]
  ],
  "rewards": {
    "function": "gembag:crystal_speed"
  }
}
