{
  "display": {
    "icon": {
      "id": "minecraft:nether_star",
      "components": {
        "minecraft:enchantment_glint_override": true
      }
    },
    "title": "Heart of Helios",
    "description": "You have collected the Heart of Helios",
    "frame": "challenge",
    "show_toast": true,
    "announce_to_chat": true,
    "hidden": true
  },
  "parent": "gembag:gods",
  "criteria": {
    "basic": {
      "trigger": "minecraft:consume_item",
      "conditions": {
        "item" :
          {
            "items": "minecraft:recovery_compass",
            "components": {
              "minecraft:item_model": "minecraft:nether_star",
              "minecraft:item_name": "Heart of Helios"
            }
          }
      }
    }
  },
  "requirements": [
    [
      "basic"
    ]
  ],
  "rewards": {
    "function": "gembag:gods_star"
  }
}
