{
  "display": {
    "icon": {
      "id": "minecraft:nether_star",
      "components": {
        "minecraft:enchantment_glint_override": true
      }
    },
    "title": "Legendary Gems",
    "description": "Youre Legendary Gem collection",
    "frame": "challenge",
    "show_toast": false,
    "announce_to_chat": false,
    "hidden": false
  },
  "parent": "gembag:root",
  "criteria": {
    "basic": {
      "trigger": "minecraft:inventory_changed"
      }
  },
  "requirements": [
    [
      "basic"
    ]
  ]
}
