{
  "display": {
    "icon": {
      "id": "minecraft:amethyst_cluster",
      "components": {
        "minecraft:enchantment_glint_override": true
      }
    },
    "title": "Cluster of Life",
    "description": "You have collected the Cluster of Life",
    "frame": "goal",
    "show_toast": true,
    "announce_to_chat": true,
    "hidden": true
  },
  "parent": "gembag:life_large_bud",
  "criteria": {
    "basic": {
      "trigger": "minecraft:consume_item",
      "conditions": {
        "item" :
          {
            "items": "minecraft:recovery_compass",
            "components": {
              "minecraft:item_model": "minecraft:amethyst_cluster",
              "minecraft:item_name": "Cluster of Life"
            }
          }
      }
    }
  },
  "requirements": [
    [
      "basic"
    ]
  ],
  "rewards": {
    "function": "gembag:life_cluster"
  }
}
