{
  "name": "minecraft:sand_patch",
  "elements": [
    {
      "weight": 1,
      "element": {
        "element_type": "minecraft:single_pool_element",
        "projection": "terrain_matching",
        "location": "minecraft:sand_patch1",
        "processors": "minecraft:empty",
        "override_liquid_settings": "ignore_waterlogging"
      }
    },
        {
      "weight": 1,
      "element": {
        "element_type": "minecraft:single_pool_element",
        "projection": "terrain_matching",
        "location": "minecraft:sand_patch2",
        "processors": "minecraft:empty",
        "override_liquid_settings": "ignore_waterlogging"
      }
    },
        {
      "weight": 1,
      "element": {
        "element_type": "minecraft:single_pool_element",
        "projection": "terrain_matching",
        "location": "minecraft:sand_patch3",
        "processors": "minecraft:empty",
        "override_liquid_settings": "ignore_waterlogging"
      }
    }
    
  ],
  "fallback": "minecraft:empty"
}
