{
  "type": "minecraft:crafting_shapeless",
  "category": "equipment",
  "ingredients": [
    [
      "minecraft:cactus"
    ],
    [
      "minecraft:glass_bottle"
    ],
    [
      "minecraft:cactus_flower"
    ],
    [
      "minecraft:cactus"
    ],
    [
      "minecraft:cactus"
    ],
    [
      "minecraft:cactus"
    ],
    [
      "minecraft:cactus_flower"
    ],
    [
      "minecraft:cactus"
    ],
    [
      "minecraft:cactus_flower"
    ]
  ],
  "result": {
    "id": "minecraft:potion",
    "components": {
      "minecraft:max_stack_size": 32,
      "minecraft:rarity": "rare",
      "minecraft:item_name": {
        "text": "Cactus Water",
        "type": "text"
      },
      "minecraft:custom_name": {
        "text": "Cactus Water",
        "type": "text",
        "italic": false
      },
      "minecraft:potion_contents": {
        "custom_color": 16486083
      }
    }
  }
}
