{
  "display": {
    "icon": {
      "id": "minecraft:large_amethyst_bud",
      "components": {
        "minecraft:enchantment_glint_override": true
      }
    },
    "title": "Large Bud of Life",
    "description": "You have collected the Large Bud of Life",
    "frame": "task",
    "show_toast": true,
    "announce_to_chat": true,
    "hidden": true
  },
  "parent": "gembag:life_medium_bud",
  "criteria": {
    "basic": {
      "trigger": "minecraft:consume_item",
      "conditions": {
        "item" :
          {
            "items": "minecraft:recovery_compass",
            "components": {
              "minecraft:item_model": "minecraft:large_amethyst_bud",
              "minecraft:item_name": "Large Bud of Life"
            }
          }
      }
    }
  },
  "requirements": [
    [
      "basic"
    ]
  ],
  "rewards": {
    "function": "gembag:life_large_bud"
  }
}
