{
  "type": "minecraft:chest",
  "pools": [
    {
      "rolls": 1,
      "entries": [
        {
          "type": "minecraft:item",
          "name": "minecraft:potion",
          "functions": [
            {
              "function": "minecraft:set_components",
              "components": {
                      "minecraft:max_stack_size": 32,
      "minecraft:custom_data": {
        "filtered": {}
      },
      "minecraft:rarity": "rare",
      "minecraft:item_name": {
        "text": "Filtered Water",
        "type": "text"
      },
      "minecraft:custom_name": {
        "text": "Filtered Water",
        "type": "text",
        "italic": false
     		 }
                }
              }
          ]
        }
      ]
    }
  ]
}
