{
  "criteria": {
    "basic": {
      "trigger": "minecraft:inventory_changed",
      "conditions": {
        "items": [
          {
            "items": [
              "minecraft:potion",
              "minecraft:water_bucket",
              "minecraft:bucket",
              "minecraft:glass_bottle",
              "minecraft:cauldron"
            ]
          }
        ]
      }
    }
  },
  "requirements": [
    [
      "basic"
    ]
  ],
  "rewards": {
    "recipes": [
      "cactus_water",
      "filtered_water",
      "water_bottles",
      "water_bucket"
    ]
  },
  "sends_telemetry_event": false
}
