{
  "type": "chest",
  "pools": [
    {
      "rolls": 1,
      "entries": [
        {
          "type": "item",
          "weight": 1,
          "name": "minecraft:player_head",
          "functions": [
            {
              "function": "set_components",
              "components": {
                "minecraft:profile": {
                  "properties": [
                    {
                      "name": "textures",
                      "value": "eyJ0ZXh0dXJlcyI6eyJTS0lOIjp7InVybCI6Imh0dHA6Ly90ZXh0dXJlcy5taW5lY3JhZnQubmV0L3RleHR1cmUvMTAzMDdmNDkzZmRkYTc2ODU4ZTVkYWE1MTFlM2ZkYjRiN2VkMjQxZjdkM2E3YTIyNjU2ZWQ1YzZiYWNiZjUyIn19fQ=="
                    }
                  ]
                }
              }
            }
          ]
        }
      ]
    }
  ]
}
