{
  "type": "chest",
  "pools": [
    {
      "rolls": 1,
      "entries": [
        {
          "type": "minecraft:item",
          "name": "minecraft:totem_of_undying",
          "weight": 1,
          "functions": [
            {
              "function": "minecraft:set_components",
              "components": {
                "minecraft:custom_name": {
                  "text": "Totem of Eternal Life",
                  "italic": false
                },
                "minecraft:item_name": "Totem of Eternal Life",
                "minecraft:death_protection": {
                  "death_effects": [
                    {
                      "type": "minecraft:apply_effects",
                      "effects": [
                        {
                          "id": "minecraft:regeneration",
                          "amplifier": 1,
                          "duration": 900,
                          "ambient": true,
                          "show_particles": true,
                          "show_icon": true
                        },
                        {
                          "id": "minecraft:absorption",
                          "amplifier": 1,
                          "duration": 100,
                          "ambient": true,
                          "show_particles": true,
                          "show_icon": true
                        },
                        {
                          "id": "minecraft:fire_resistance",
                          "amplifier": 0,
                          "duration": 800,
                          "ambient": true,
                          "show_particles": true,
                          "show_icon": true
                        },
                        {
                          "id": "minecraft:invisibility",
                          "amplifier": 7,
                          "duration": 2,
                          "ambient": false,
                          "show_particles": false,
                          "show_icon": false
                        }
                      ],
                      "probability": 1
                    }
                  ]
                }
              }
            }
          ]
        }
      ]
    }
  ]
}
