{
  "display": {
    "icon": {
      "id": "minecraft:medium_amethyst_bud",
      "components": {
        "minecraft:enchantment_glint_override": true
      }
    },
    "title": "Medium Bud of Life",
    "description": "You have collected the Medium Bud of Life",
    "frame": "task",
    "show_toast": true,
    "announce_to_chat": true,
    "hidden": true
  },
  "parent": "gembag:life_small_bud",
  "criteria": {
    "basic": {
      "trigger": "minecraft:consume_item",
      "conditions": {
        "item" :
          {
            "items": "minecraft:recovery_compass",
            "components": {
              "minecraft:item_model": "minecraft:medium_amethyst_bud",
              "minecraft:item_name": "Medium Bud of Life",
              "minecraft:rarity": "uncommon"
            }
          }
      }
    }
  },
  "requirements": [
    [
      "basic"
    ]
  ],
  "rewards": {
    "function": "gembag:life_medium_bud"
  }
}
