{
  "type": "minecraft:chest",
  "pools": [
    {
      "bonus_rolls": 0,
      "entries": [
        {
          "type": "minecraft:item",
          "name": "minecraft:sniffer_egg"
        },
        {
          "type": "minecraft:item",
          "name": "minecraft:allium",
          "weight": 3
        },
        {
          "type": "minecraft:item",
          "name": "minecraft:azure_bluet",
          "weight": 3
        },
        {
          "type": "minecraft:item",
          "name": "minecraft:blue_orchid",
          "weight": 3
        },
        {
          "type": "minecraft:item",
          "name": "minecraft:cornflower",
          "weight": 3
        },
        {
          "type": "minecraft:item",
          "name": "minecraft:dandelion",
          "weight": 3
        },
        {
          "type": "minecraft:item",
          "name": "minecraft:closed_eyeblossom",
          "weight": 1
        },
        {
          "type": "minecraft:item",
          "name": "minecraft:lily_of_the_valley",
          "weight": 3
        },
        {
          "type": "minecraft:item",
          "name": "minecraft:lily_pad",
          "weight": 3
        },
        {
          "type": "minecraft:item",
          "name": "minecraft:oxeye_daisy",
          "weight": 3
        },
        {
          "type": "minecraft:item",
          "name": "poppy",
          "weight": 3
        },
        {
          "type": "minecraft:item",
          "name": "minecraft:orange_tulip",
          "weight": 3
        },
        {
          "type": "minecraft:item",
          "name": "minecraft:torchflower",
          "weight": 1
        },
        {
          "type": "minecraft:item",
          "name": "minecraft:torchflower_seeds",
          "weight": 2
        },
        {
          "type": "minecraft:item",
          "name": "minecraft:red_tulip",
          "weight": 3
        },
        {
          "type": "minecraft:item",
          "name": "minecraft:pink_tulip",
          "weight": 3
        },
        {
          "type": "minecraft:item",
          "name": "minecraft:white_tulip",
          "weight": 3
        },
        {
          "type": "minecraft:item",
          "name": "lilac",
          "weight": 3
        },
        {
          "type": "minecraft:item",
          "name": "peony",
          "weight": 3
        },
        {
          "type": "minecraft:item",
          "name": "minecraft:pitcher_plant",
          "weight": 1
        },
        {
          "type": "minecraft:item",
          "name": "minecraft:pitcher_pod",
          "weight": 2
        },
        {
          "type": "minecraft:item",
          "name": "minecraft:rose_bush",
          "weight": 3
        },
        {
          "type": "minecraft:item",
          "name": "minecraft:sunflower",
          "weight": 3
        },
        {
          "type": "minecraft:item",
          "name": "minecraft:flowering_azalea",
          "weight": 3
        },
        {
          "type": "minecraft:item",
          "name": "minecraft:azalea",
          "weight": 3
        },
        {
          "type": "minecraft:item",
          "name": "minecraft:moss_block",
          "weight": 4
        },
        {
          "type": "minecraft:item",
          "name": "minecraft:pink_petals",
          "weight": 2
        },
        {
          "type": "minecraft:item",
          "name": "minecraft:wildflowers",
          "weight": 2
        },
        {
          "type": "minecraft:item",
          "name": "minecraft:spore_blossom",
          "weight": 2
        },
        {
          "type": "minecraft:item",
          "name": "minecraft:jungle_sapling",
          "weight": 3
        },
        {
          "type": "minecraft:item",
          "name": "minecraft:oak_sapling",
          "weight": 3
        },
        {
          "type": "minecraft:item",
          "name": "minecraft:cherry_sapling",
          "weight": 3
        },
        {
          "type": "minecraft:item",
          "name": "minecraft:dead_bush",
          "weight": 3
        },
        {
          "type": "minecraft:item",
          "name": "minecraft:cactus",
          "weight": 4
        },
        {
          "type": "minecraft:item",
          "name": "minecraft:cactus_flower",
          "weight": 4
        },
        {
          "type": "minecraft:item",
          "name": "minecraft:vine",
          "weight": 3
        },
        {
          "type": "minecraft:item",
          "name": "minecraft:firefly_bush",
          "weight": 2
        }
      ],
      "rolls": {
        "type": "minecraft:uniform",
        "max": 12,
        "min": 4
      }
    }
  ]
}
