{
  "type": "minecraft:chest",
  "pools": [
    {
      "rolls": 1,
      "entries": [
        {
          "type": "minecraft:loot_table",
          "value": "gembag:artifacts/hteralys",
          "weight": 1
        },
        {
          "type": "minecraft:loot_table",
          "value": "gembag:artifacts/iron_pipe",
          "weight": 1
        },
        {
          "type": "minecraft:loot_table",
          "value": "gembag:artifacts/knockback_stick",
          "weight": 1
        },
        {
          "type": "minecraft:loot_table",
          "value": "gembag:artifacts/wither_arrow",
          "weight": 1,
          "functions": [
            {
              "function": "minecraft:set_count",
              "count": {
                "type": "minecraft:uniform",
                "min": 1,
                "max": 5
              }
            }
          ]
        },
        {
          "type": "minecraft:loot_table",
          "value": "gembag:echo_shard",
          "weight": 1
        },
        {
          "type": "minecraft:loot_table",
          "value": "gembag:orb_wind",
          "weight": 1
        },
        {
          "type": "minecraft:loot_table",
          "value": "gembag:orb_fire",
          "weight": 1
        },
        {
          "type": "minecraft:loot_table",
          "value": "gembag:orb_water",
          "weight": 1
        },
        {
          "type": "minecraft:loot_table",
          "value": "gembag:orb_jump",
          "weight": 1
        },
        {
          "type": "minecraft:loot_table",
          "value": "gembag:orb_nature",
          "weight": 1
        }
      ]
    }
  ]
}
