{
  "elements": [
    {
      "weight": 1,
      "element": {
        "element_type": "minecraft:single_pool_element",
        "projection": "rigid",
        "location": "minecraft:crypts/floor_blocks/floor_sus_sand",
        "processors": "minecraft:empty",
        "override_liquid_settings": "ignore_waterlogging"
    }
    },
        {
      "weight": 1,
      "element": {
        "element_type": "minecraft:single_pool_element",
        "projection": "rigid",
        "location": "minecraft:crypts/floor_blocks/floor_sandstone",
        "processors": "minecraft:empty",
        "override_liquid_settings": "ignore_waterlogging"
      }
    },
    {
      "weight": 1,
      "element": {
        "element_type": "minecraft:single_pool_element",
        "projection": "rigid",
        "location": "minecraft:crypts/floor_blocks/floor_sand",
        "processors": "minecraft:empty",
        "override_liquid_settings": "ignore_waterlogging"
      }
    }
    
  ],
  "fallback": "minecraft:empty"
}
