{
  "type": "minecraft:chest",
  "pools": [
    {
      "bonus_rolls": 0,
      "entries": [
        {
          "type": "minecraft:item",
          "functions": [
            {
              "function": "minecraft:set_components",
              "components": {
                "item_model":"nether_star",
             "item_name":"Heart of Helios",
             "rarity":"epic",
             "enchantment_glint_override":true, 
"consumable":{"consume_seconds":0, "animation":"none", "sound":"ui.toast.in", "has_consume_particles":false}, 
"food":{"nutrition":0,"saturation":0,"can_always_eat":true},
	"lore":[[{"text":"Use","bold":true},{"text":" to collect","italic":false}]]
              }
            }
          ],
          "name": "minecraft:recovery_compass"
        }
      ],
      "rolls": 1
    }
  ]
}
