{
  "type": "minecraft:chest",
  "pools": [
    {
      "rolls": 1,
      "entries": [
        {
          "type": "minecraft:item",
          "name": "minecraft:tipped_arrow",
          "functions": [
            {
              "function": "minecraft:set_components",
              "components": {
                "minecraft:item_name": {
                  "text": "Arrow of Eternal Decay",
                  "type": "text"
                },
                "minecraft:custom_name": {
                  "text": "Arrow of Eternal Decay",
                  "type": "text",
                  "italic": false
                },
                "minecraft:lore": [
                  "A very deadly Arrow, use it wisely"
                ],
                "minecraft:potion_contents": {
                  "custom_color": 3484199,
                  "custom_effects": [
                    {
                      "id": "minecraft:wither",
                      "amplifier": 6,
                      "duration": -1,
                      "ambient": true,
                      "show_particles": true,
                      "show_icon": true
                    }
                  ]
                }
              }
            }
          ]
        }
      ]
    }
  ]
}
