{
  "name": "minecraft:halls",
  "elements": [
    {
      "weight": 45,
      "element": {
        "element_type": "minecraft:single_pool_element",
        "projection": "rigid",
        "location": "minecraft:crypts/hall1",
        "processors": "minecraft:empty",
        "override_liquid_settings": "ignore_waterlogging"
      }
    },
    {
      "weight": 30,
      "element": {
        "element_type": "minecraft:single_pool_element",
        "projection": "rigid",
        "location": "minecraft:crypts/cross1",
        "processors": "minecraft:empty",
        "override_liquid_settings": "ignore_waterlogging"
      }
    },
    {
      "weight": 1,
      "element": {
        "element_type": "minecraft:single_pool_element",
        "projection": "rigid",
        "location": "minecraft:crypts/end1",
        "processors": "minecraft:empty",
        "override_liquid_settings": "ignore_waterlogging"
      }
    },
    {
      "weight": 30,
      "element": {
        "element_type": "minecraft:single_pool_element",
        "projection": "rigid",
        "location": "minecraft:crypts/hall_cross1",
        "processors": "minecraft:empty",
        "override_liquid_settings": "ignore_waterlogging"
      }
    },
    {
      "weight": 50,
      "element": {
        "element_type": "minecraft:single_pool_element",
        "projection": "rigid",
        "location": "minecraft:crypts/burial1",
        "processors": "minecraft:empty",
        "override_liquid_settings": "ignore_waterlogging"
      }
    },
    {
      "weight": 50,
      "element": {
        "element_type": "minecraft:single_pool_element",
        "projection": "rigid",
        "location": "minecraft:crypts/burial2",
        "processors": "minecraft:empty",
        "override_liquid_settings": "ignore_waterlogging"
      }
    },
    {
      "weight": 30,
      "element": {
        "element_type": "minecraft:single_pool_element",
        "projection": "rigid",
        "location": "minecraft:crypts/hall_tcross1",
        "processors": "minecraft:empty",
        "override_liquid_settings": "ignore_waterlogging"
      }
    },
    {
      "weight": 50,
      "element": {
        "element_type": "minecraft:single_pool_element",
        "projection": "rigid",
        "location": "minecraft:crypts/pots",
        "processors": "minecraft:empty",
        "override_liquid_settings": "ignore_waterlogging"
      }
    },
    {
      "weight": 10,
      "element": {
        "element_type": "minecraft:single_pool_element",
        "projection": "rigid",
        "location": "minecraft:crypts/small_burial1",
        "processors": "minecraft:empty",
        "override_liquid_settings": "ignore_waterlogging"
      }
    },
    {
      "weight": 10,
      "element": {
        "element_type": "minecraft:single_pool_element",
        "projection": "rigid",
        "location": "minecraft:crypts/small_burial2",
        "processors": "minecraft:empty",
        "override_liquid_settings": "ignore_waterlogging"
      }
    },
    {
      "weight": 10,
      "element": {
        "element_type": "minecraft:single_pool_element",
        "projection": "rigid",
        "location": "minecraft:crypts/small_burial3",
        "processors": "minecraft:empty",
        "override_liquid_settings": "ignore_waterlogging"
      }
    },
    {
      "weight": 10,
      "element": {
        "element_type": "minecraft:single_pool_element",
        "projection": "rigid",
        "location": "minecraft:crypts/small_burial4",
        "processors": "minecraft:empty",
        "override_liquid_settings": "ignore_waterlogging"
      }
    },
    {
      "weight": 10,
      "element": {
        "element_type": "minecraft:single_pool_element",
        "projection": "rigid",
        "location": "minecraft:crypts/small_burial5",
        "processors": "minecraft:empty",
        "override_liquid_settings": "ignore_waterlogging"
      }
    },
    {
      "weight": 50,
      "element": {
        "element_type": "minecraft:single_pool_element",
        "projection": "rigid",
        "location": "minecraft:crypts/graves",
        "processors": "minecraft:empty",
        "override_liquid_settings": "ignore_waterlogging"
      }
    }
  ],
  "fallback": "minecraft:empty"
}
