{
  "type": "minecraft:chest",
  "pools": [
    {
      "rolls": 1,
      "entries": [
        {
          "type": "minecraft:item",
          "name": "angler_pottery_sherd",
          "weight": 1
        },
        {
          "type": "minecraft:item",
          "name": "archer_pottery_sherd",
          "weight": 1
        },
        {
          "type": "minecraft:item",
          "name": "arms_up_pottery_sherd",
          "weight": 1
        },
        {
          "type": "minecraft:item",
          "name": "blade_pottery_sherd",
          "weight": 1
        },
        {
          "type": "minecraft:item",
          "name": "brewer_pottery_sherd",
          "weight": 1
        },
        {
          "type": "minecraft:item",
          "name": "burn_pottery_sherd",
          "weight": 1
        },
        {
          "type": "minecraft:item",
          "name": "danger_pottery_sherd",
          "weight": 1
        },
        {
          "type": "minecraft:item",
          "name": "explorer_pottery_sherd",
          "weight": 1
        },
        {
          "type": "minecraft:item",
          "name": "flow_pottery_sherd",
          "weight": 1
        },
        {
          "type": "minecraft:item",
          "name": "friend_pottery_sherd",
          "weight": 1
        },
        {
          "type": "minecraft:item",
          "name": "guster_pottery_sherd",
          "weight": 1
        },
        {
          "type": "minecraft:item",
          "name": "heart_pottery_sherd",
          "weight": 1
        },
        {
          "type": "minecraft:item",
          "name": "heartbreak_pottery_sherd",
          "weight": 1
        },
        {
          "type": "minecraft:item",
          "name": "howl_pottery_sherd",
          "weight": 1
        },
        {
          "type": "minecraft:item",
          "name": "miner_pottery_sherd",
          "weight": 1
        },
        {
          "type": "minecraft:item",
          "name": "mourner_pottery_sherd",
          "weight": 1
        },
        {
          "type": "minecraft:item",
          "name": "plenty_pottery_sherd",
          "weight": 1
        },
        {
          "type": "minecraft:item",
          "name": "prize_pottery_sherd",
          "weight": 1
        },
        {
          "type": "minecraft:item",
          "name": "scrape_pottery_sherd",
          "weight": 1
        },
        {
          "type": "minecraft:item",
          "name": "sheaf_pottery_sherd",
          "weight": 1
        },
        {
          "type": "minecraft:item",
          "name": "shelter_pottery_sherd",
          "weight": 1
        },
        {
          "type": "minecraft:item",
          "name": "skull_pottery_sherd",
          "weight": 1
        },
        {
          "type": "minecraft:item",
          "name": "snort_pottery_sherd",
          "weight": 1
        },
        {
          "type": "minecraft:loot_table",
          "value": "minecraft:crypts/crypts_key",
          "weight": 1
        },
        {
          "type": "minecraft:loot_table",
          "value": "minecraft:crypts/ominous_crypts_key",
          "weight": 1
        },
        {
          "type": "minecraft:item",
          "name": "minecraft:bone",
          "weight": 1
        },
        {
          "type": "minecraft:item",
          "name": "minecraft:paper",
          "weight": 1
        }
      ]
    }
  ]
}