{
  "type": "minecraft:crafting_shapeless",
  "category": "equipment",
  "ingredients": [
    "minecraft:water_bucket",
    "minecraft:glass_bottle",
    "minecraft:glass_bottle",
    "minecraft:glass_bottle"
  ],
  "result": {
    "count": 3,
    "id": "minecraft:potion",
     "components": {
      "minecraft:max_stack_size": 32,
      "minecraft:item_name": {
        "text": "Water Bottle",
        "type": "text"
      },
      "minecraft:custom_name": {
        "text": "Water Bottle",
        "type": "text",
        "italic": false
      }
    }
  }
}
