{
  "type": "minecraft:chest",
  "pools": [
    {
      "rolls": 1,
      "entries": [
        {
          "type": "minecraft:item",
          "name": "minecraft:potion",
          "functions": [
            {
              "function": "minecraft:set_components",
              "components": {
                "minecraft:max_stack_size": 32,
                "minecraft:item_name": {
                  "text": "Water Bottle",
                  "type": "text"
                },
                "minecraft:custom_name": {
                  "text": "Water Bottle",
                  "type": "text",
                  "italic": false
                }
              }
            }
          ]
        }
      ]
    }
  ]
}