{
  "type": "minecraft:chest",
  "pools": [
    {
      "bonus_rolls": 0,
      "entries": [
        {
          "type": "minecraft:item",
          "functions": [
            {
              "add": false,
              "count": {
                "type": "minecraft:uniform",
                "max": 3,
                "min": 1
              },
              "function": "minecraft:set_count"
            }
          ],
          "name": "minecraft:iron_ingot",
          "weight": 2
        },
        {
          "type": "minecraft:item",
          "functions": [
            {
              "add": false,
              "count": {
                "type": "minecraft:uniform",
                "max": 4,
                "min": 1
              },
              "function": "minecraft:set_count"
            }
          ],
          "name": "minecraft:bread",
          "weight": 4
        },
        {
          "type": "minecraft:item",
          "name": "minecraft:emerald",
          "weight": 1
        },
        {
          "type": "minecraft:item",
          "name": "minecraft:iron_nugget",
          "weight": 5,
          "functions": [
            {
              "function": "minecraft:set_count",
              "count": {
                "type": "minecraft:uniform",
                "min": 3,
                "max": 12
              }
            }
          ]
        },
        {
          "type": "minecraft:loot_table",
          "value": "hydra:water_bottle",
          "weight": 3
        },
	{
          "type": "minecraft:item",
          "name": "minecraft:cooked_rabbit",
          "weight": 4,
          "functions": [
            {
              "function": "minecraft:set_count",
              "count": {
                "type": "minecraft:uniform",
                "min": 1,
                "max": 6
              }
            }
          ]
        },
        {
          "type": "minecraft:item",
          "name": "minecraft:brush",
          "weight": 1
        },
        {
          "type": "minecraft:item",
          "name": "minecraft:lantern",
          "weight": 1
        },
        {
          "type": "minecraft:item",
          "name": "minecraft:book"
        },
        {
          "type": "minecraft:item",
          "name": "minecraft:iron_helmet"
        },
        {
          "type": "minecraft:item",
          "name": "minecraft:iron_chestplate"
        },
        {
          "type": "minecraft:item",
          "name": "minecraft:iron_leggings"
        },
        {
          "type": "minecraft:item",
          "name": "minecraft:iron_boots"
        },
        {
          "type": "minecraft:loot_table",
          "value": "minecraft:sus_sand_patch",
          "weight": 1
        }
      ],
      "rolls": {
        "type": "minecraft:uniform",
        "max": 10,
        "min": 5
      }
    }
  ]
}
